reading,writing,type
あいこくしん,愛国心,名
あいさつ,挨拶,名
あいすらんど,アイスランド,固
あいだ,間,名
あいち,愛知,固
あいでんてぃてぃ,アイデンティティ,外
あいどる,アイドル,外
あいるらんど,アイルランド,固
あおぞら,青空,名
あおもり,青森,固
あかちゃん,赤ちゃん,名
あきた,秋田,固
あきる,飽きる,動
あくしおむ,アクシオム,外
あくせす,アクセス,外
あけがた,明け方,名
あける,開ける,動
あこがれる,憧れる,動
あさい,浅い,？
あさひ,朝日,名
あしあと,足跡,名
あじわう,味わう,動
あずかる,預かる,動
あずき,小豆,名
あせんぶる,アセンブル,外
あせんぶり,アセンブリ,外
あぜるばいじゃん,アゼルバイジャン,固
あそぶ,遊ぶ,動
あたえる,与える,動
あたためる,温める,動
あたりまえ,当たり前,名
あたる,当たる,動
あっしゅく,圧縮,名
あっぷでーと,アップデート,外
あつい,熱い,？
あつかう,扱う,動
あつまり,集まり,名
あつめる,集める,動
あてな,宛名,名
あてはまる,当てはまる,動
あとみっく,アトミック,外
あなろぐ,アナログ,外
あひる,アヒル,名
あぴーる,アピール,外
あふがにすたん,アフガニスタン,固
あふれる,溢れる,動
あぶら,油,名
あぶる,炙る,動
あぶだくしょん,アブダクション,外
あぷりけーしょん,アプリケーション,外
あまい,甘い,？
あまど,雨戸,名
あまやかす,甘やかす,動
あまり,余り,名
あみもの,編み物,名
あめりか,アメリカ,固
あやまる,謝る,動
あゆむ,歩む,動
あらいぐま,アライグマ,名
あらし,嵐,名
あらすじ,あらすじ,名
あらためる,改める,動
あらゆる,あらゆる,？
あらわす,表す,動
ありがとう,ありがとう,？
あるごりずむ,アルゴリズム,外
あるじぇりあ,アルジェリア,固
あるぜんちん,アルゼンチン,固
あるばにあ,アルバニア,固
あるめにあ,アルメニア,固
あれい,アレイ,外
あろけーた,アロケータ,外
あわせる,合わせる,動
あわてる,慌てる,動
あんい,安易,名
あんがい,案外,？
あんぐる,アングル,外
あんこ,餡子,名
あんごら,アンゴラ,固
あんぜん,安全,名
あんてい,安定,名
あんどら,アンドラ,固
あんない,案内,名
あんぷる,アンプル,外
あんまり,あんまり,？
いいだす,言い出す,動
いえめん,イエメン,固
いおん,イオン,外
いがい,以外,名
いがく,医学,名
いきおい,勢い,名
いきなり,いきなり,？
いきもの,生き物,名
いきる,生きる,動
いぎりす,イギリス,固
いくじ,育児,名
いくぶん,幾分,名
いけばな,生け花,名
いけん,意見,名
いこう,移行,名
いこく,異国,名
いこつ,遺骨,名
いこーる,イコール,外
いさましい,勇ましい,？
いさん,遺産,名
いしかわ,石川,固
いしき,意識,名
いじゅう,移住,名
いじょう,異常,名
いじわる,意地悪,名
いすらえる,イスラエル,固
いずみ,泉,名
いずれ,いずれ,？
いせい,異性,名
いせえび,伊勢海老,名
いせかい,異世界,名
いせき,遺跡,名
いぜん,以前,名
いそうろう,居候,名
いそがしい,忙しい,？
いたずら,悪戯,名
いたみ,痛み,名
いたりあ,イタリア,固
いだい,偉大,名
いだく,抱く,動
いちおう,一応,？
いちじ,一時,名
いちど,一度,名
いちば,市場,名
いちぶ,一部,名
いちりゅう,一流,名
いっしゅん,一瞬,名
いっせい,一斉,名
いっそう,一層,？
いったん,一旦,？
いっち,一致,名
いってい,一定,名
いっぽう,一方,名
いつか,いつか,？
いてざ,射手座,名
いてれーた,イテレータ,外
いてん,移転,名
いでおろぎー,イデオロギー,外
いとこ,従兄弟,名
いどう,移動,名
いない,以内,名
いなか,田舎,名
いねむり,居眠り,名
いのち,命,名
いのる,祈る,動
いはつ,遺髪,名
いはん,違反,名
いばる,威張る,動
いばらき,茨城,固
いひん,遺品,名
いびき,いびき,名
いふく,衣服,名
いへん,異変,名
いべんと,イベント,外
いほう,違法,名
いみん,移民,名
いめーじ,イメージ,外
いめーじさーくる,イメージサークル,外
いもうと,妹,名
いもたれ,胃もたれ,名
いもり,イモリ,名
いやがる,嫌がる,動
いやす,癒す,動
いよかん,伊予柑,名
いよく,意欲,名
いらい,依頼,名
いらく,イラク,固
いらすと,イラスト,外
いらん,イラン,固
いりぐち,入り口,名
いりょう,医療,名
いれい,慰霊,名
いれもの,入れ物,名
いれる,入れる,動
いろえんぴつ,色鉛筆,名
いわ,岩,名
いわい,祝い,名
いわう,祝う,動
いわかん,違和感,名
いわば,言わば,？
いわゆる,いわゆる,？
いんげんまめ,インゲン豆,名
いんさつ,印刷,名
いんしょう,印象,名
いんすたんす,インスタンス,外
いんすとーる,インストール,外
いんたーねっと,インターネット,外
いんたーばる,インターバル,外
いんたーふぇーす,インターフェース,外
いんてぐらる,インテグラル,外
いんでっくす,インデックス,外
いんど,インド,固
いんどねしあ,インドネシア,固
いんふぉめーしょん,インフォメーション,外
いんふらすとらくちゃー,インフラストラクチャー,外
いんよう,引用,名
いーぐる,イーグル,外
いーぜる,イーゼル,外
うぃじぇっと,ウィジェット,外
うぃんどう,ウィンドウ,外
うぇぶ,ウェブ,外
うぇぶさーばー,ウェブサーバー,外
うえき,植木,名
うえる,植える,動
うおざ,魚座,名
うかぶ,浮かぶ,動
うかべる,浮かべる,動
うがい,うがい,名
うがんだ,ウガンダ,固
うきわ,浮き輪,名
うくらいな,ウクライナ,固
うくれれ,ウクレレ,外
うけたまわる,承る,動
うけつけ,受付,名
うけとる,受け取る,動
うけもつ,受け持つ,動
うける,受ける,動
うこん,ウコン,名
うごかす,動かす,動
うごく,動く,動
うさぎ,ウサギ,名
うしなう,失う,動
うしろがみ,後ろ髪,名
うすい,薄い,？
うすぎ,薄着,名
うすぐらい,薄暗い,？
うすめる,薄める,動
うずべきすたん,ウズベキスタン,固
うせつ,右折,名
うちあわせ,打ち合わせ,名
うちがわ,内側,名
うちき,内気,名
うちゅう,宇宙,名
うちゅうろん,宇宙論,名
うっかり,うっかり,？
うったえる,訴える,動
うつくしい,美しい,？
うつる,移る,動
うどん,うどん,名
うなぎ,ウナギ,名
うなじ,項,名
うなずく,頷く,動
うなる,唸る,動
うねる,うねる,動
うのう,右脳,名
うぶげ,産毛,名
うぶごえ,産声,名
うまれる,生まれる,動
うめる,埋める,動
うもう,羽毛,名
うやまう,敬う,動
うよく,右翼,名
うらがえす,裏返す,動
うらぐち,裏口,名
うらない,占い,名
うりあげ,売上,名
うりきれ,売り切れ,名
うるぐあい,ウルグアイ,固
うるさい,うるさい,？
うれしい,嬉しい,？
うれゆき,売れ行き,名
うれる,売れる,動
うろこ,鱗,名
うわき,浮気,名
うわさ,噂,名
うんこう,運行,名
うんちん,運賃,名
うんてん,運転,名
うんどう,運動,名
うーる,ウール,外
えいえん,永遠,名
えいが,映画,名
えいきょう,影響,名
えいご,英語,名
えいせい,衛星,名
えいぶん,英文,名
えいよう,栄養,名
えいわ,英和,名
えおり,絵織,名
えがお,笑顔,名
えがく,描く,動
えきたい,液体,名
えくあどる,エクアドル,固
えくせる,エクセル,外
えしゃく,会釈,名
えじぷと,エジプト,固
えすて,エステ,外
えすとにあ,エストニア,固
えすわてぃに,エスワティニ,固
えちおぴあ,エチオピア,固
えつらん,閲覧,名
えでぃた,エディタ,外
えのぐ,絵の具,名
えひめ,愛媛,固
えびでんす,エビデンス,外
えほうまき,恵方巻き,名
えほん,絵本,名
えまき,絵巻,名
えもじ,絵文字,名
えもの,獲物,名
えらい,偉い,？
えらぶ,選ぶ,動
えらー,エラー,外
えりあ,エリア,外
えりとりあ,エリトリア,固
えんえき,演繹,名
えんえん,延々,？
えんかい,宴会,名
えんぎ,演技,名
えんげき,演劇,名
えんこーど,エンコード,外
えんざん,演算,名
えんしゅう,演習,名
えんしゅうりつ,円周率,名
えんじぇる,エンジェル,外
えんじん,エンジン,外
えんぜつ,演説,名
えんそく,遠足,名
えんちょう,延長,名
えんとつ,煙突,名
えんとろぴー,エントロピー,外
えーてる,エーテル,外
おいかける,追いかける,動
おいこす,追い越す,動
おいしい,おいしい,？
おいつく,追いつく,動
おいる,オイル,外
おうえん,応援,名
おうさま,王様,名
おうじ,王子,名
おうせつ,応接,名
おうたい,応対,名
おうふく,往復,名
おうべい,欧米,名
おうよう,応用,名
おえる,終える,動
おおい,多い,？
おおいた,大分,固
おおう,覆う,動
おおさか,大阪,固
おおどおり,大通り,名
おおや,大家,名
おおよそ,おおよそ,？
おかえり,お帰り,名
おかず,おかず,名
おかやま,岡山,固
おかわり,お代わり,名
おがむ,拝む,動
おきなわ,沖縄,固
おきる,起きる,動
おぎなう,補う,動
おくさま,奥様,名
おくじょう,屋上,名
おくりがな,送り仮名,名
おくる,送る,動
おくれる,遅れる,動
おこす,起こす,動
おこなう,行う,動
おこる,怒る,動
おさえる,押さえる,動
おさない,幼い,？
おさめる,納める,動
おしいれ,押し入れ,名
おしえる,教える,動
おしゃれ,おしゃれ,名
おじぎ,お辞儀,名
おじさん,叔父さん,名
おそらく,おそらく,？
おそわる,教わる,動
おたがい,お互い,名
おたく,オタク,名
おだやか,穏やか,？
おちつく,落ち着く,動
おっと,夫,名
おつり,お釣り,名
おでかけ,お出かけ,名
おとしもの,落とし物,名
おとなしい,大人しい,？
おどり,踊り,名
おどろかす,驚かす,動
おばさん,叔母さん,名
おふらいん,オフライン,外
おぶじぇくと,オブジェクト,外
おまいり,お参り,名
おまーん,オマーン,固
おめでとう,おめでとう,？
おもいで,思い出,名
おもう,思う,動
おもたい,重たい,？
おもちゃ,玩具,名
おやつ,おやつ,名
おやゆび,親指,名
およぼす,及ぼす,動
おらくる,オラクル,外
おらんだ,オランダ,固
おろす,降ろす,動
おんがく,音楽,名
おんけい,恩恵,名
おんしゃ,御社,名
おんせん,温泉,名
おんだん,温暖,名
おんちゅう,御中,名
おんどけい,温度計,名
おんらいん,オンライン,外
おーすとらりあ,オーストラリア,固
おーすとりあ,オーストリア,固
おーとまとん,オートマトン,外
おーばーふろー,オーバーフロー,外
かあつ,加圧,名
かいが,絵画,名
かいさつ,改札,名
かいしゃ,会社,名
かいすいよく,海水浴,名
かいせきがく,解析学,名
かいぜん,改善,名
かいぞうど,解像度,名
かいつう,開通,名
かいてん,回転,名
かいとう,解答,名
かいふく,回復,名
かいほう,解放,名
かいよう,海洋,名
かいわ,会話,名
かえる,変える,動
かえる,カエル,名
かおり,香り,名
かかえる,抱える,動
かがく,科学,名
かがし,案山子,名
かがみ,鏡,名
かがわ,香川,固
かくご,覚悟,名
かくてる,カクテル,外
かくとく,獲得,名
かごしま,鹿児島,固
かざる,飾る,動
かざふすたん,カザフスタン,固
かすたむ,カスタム,外
かたい,硬い,？
かたち,形,名
かたーる,カタール,固
かながわ,神奈川,固
かなざわし,金沢市,固
かなだ,カナダ,固
かのう,可能,名
かぶか,株価,名
かぷせるか,カプセル化,外
かほう,加法,名
かほご,過保護,名
かまう,構う,動
かまぼこ,蒲鉾,名
かめれおん,カメレオン,外
かゆい,痒い,？
かようび,火曜日,名
からい,辛い,？
かるい,軽い,？
かるてる,カルテル,外
かろう,過労,名
かわく,乾く,動
かわら,瓦,名
かんけい,関係,名
かんこう,観光,名
かんしゃ,感謝,名
かんすう,関数,名
かんそう,感想,名
かんそく,観測,名
かんたん,簡単,名
かんち,感知,名
かんぼじあ,カンボジア,固
がいき,外気,名
がいけん,外見,名
がいこう,外交,名
がいへき,外壁,名
がいらい,外来,名
がぞう,画像,名
がちょう,ガチョウ,名
がっきゅう,学級,名
がっこう,学校,名
がっさん,合算,名
がっしょう,合唱,名
がはく,画伯,名
がんか,眼科,名
がんばる,頑張る,動
かーそる,カーソル,外
かーねる,カーネル,外
がいねん,概念,名
がーどれーる,ガードレール,外
がーな,ガーナ,固
がーべじこれくしょん,ガーベジコレクション,外
きあい,気合,名
きあつ,気圧,名
きいろ,黄色,名
きうい,キウイ,外
きうん,機運,名
きえる,消える,動
きおう,既往,名
きおく,記憶,名
きおち,気落ち,名
きおん,気温,名
きかい,機会,名
きかいがくしゅう,機械学習,名
きかく,企画,名
きかろん,幾何論,名
きかんしゃ,機関車,名
ききて,聞き手,名
きくばり,気配り,名
きくらげ,キクラゲ,名
きけんせい,危険性,名
きこう,気候,名
きこえる,聞こえる,動
きこく,帰国,名
きごうろん,記号論,名
きさい,記載,名
きさく,気さく,？
きさま,貴様,名
きさらぎ,如月,名
きすう,奇数,名
きせい,規制,名
きせき,奇跡,名
きせつ,季節,名
きそう,奇創,名
きぞく,貴族,名
きぞん,既存,名
きたえる,鍛える,動
きちょう,貴重,名
きつえん,喫煙,名
きつつき,キツツキ,名
きつね,キツネ,名
きてい,規定,名
きどう,起動,名
きどく,既読,名
きない,機内,名
きなが,気長,名
きなこ,きな粉,名
きぬごし,絹ごし,名
きねん,記念,名
きのう,機能,名
きのした,木下,固
きはく,希薄,名
きばん,基盤,名
きひん,気品,名
きびしい,厳しい,？
きふく,起伏,名
きぶん,気分,名
きぷろす,キプロス,固
きほん,基本,名
きぼう,希望,名
きまる,決まる,動
きみつ,機密,名
きむずかしい,気難しい,？
きめる,決める,動
きもだめし,肝試し,名
きもち,気持ち,名
きもの,着物,名
きゃく,客,名
きゃっしゅ,キャッシュ,外
きゃらめる,キャラメル,外
きゃんどる,キャンドル,外
きやく,規約,名
きゅー,キュー,外
きゅーば,キューバ,固
きゅーびくる,キュービクル,外
きょうかがくしゅう,強化学習,名
きょうと,京都,固
きょうりゅう,恐竜,名
きょすう,虚数,名
きよう,器用,名
きらい,嫌い,？
きらく,気楽,名
きりん,キリン,名
きるぎす,キルギス,固
きれい,綺麗,？
きれつ,亀裂,名
きろく,記録,名
きわめる,極める,動
きんかくじ,金閣寺,固
きんじょ,近所,名
きんようび,金曜日,名
ぎいん,議員,名
ぎしき,儀式,名
ぎじかがく,疑似科学,名
ぎじたいけん,擬似体験,名
ぎじにってい,疑似日程,名
ぎじゅつしゃ,技術者,名
ぎっちり,ぎっちり,？
ぎゅうにく,牛肉,名
ぎろん,議論,名
ぎんいろ,銀色,名
きー,キー,外
ぎふ,岐阜,固
ぎりしゃ,ギリシャ,固
くいず,クイズ,外
くうぇーと,クウェート,固
くうかん,空間,名
くうき,空気,名
くうぐん,空軍,名
くうこう,空港,名
くうそう,空想,名
くうふく,空腹,名
くうぼ,空母,名
くおりあ,クオリア,外
くかん,区間,名
くきょう,苦境,名
くげん,苦言,名
くさい,臭い,？
くさき,草木,名
くさばな,草花,名
くさる,腐る,動
くしゃみ,くしゃみ,名
くしょう,苦笑,名
くすのき,楠,名
くすりゆび,薬指,名
くせげ,癖毛,名
くせん,苦戦,名
くたびれる,くたびれる,動
くださる,くださる,動
くちこみ,口コミ,名
くちさき,口先,名
くつした,靴下,名
くつろぐ,くつろぐ,動
くとうてん,句読点,名
くどく,くどく,動
くなん,苦難,名
くねくね,くねくね,？
くのう,苦脳,名
くふう,工夫,名
くまもと,熊本,固
くみあわせ,組み合わせ,名
くみたてる,組み立てる,動
くめる,汲める,動
くやくしょ,区役所,名
くらうど,クラウド,外
くらす,暮らす,動
くらべる,比べる,動
くりぷとぐらふぃ,クリプトグラフィ,外
くるま,車,名
くれる,くれる,動
くれーどる,クレードル,外
くろあちあ,クロアチア,固
くろう,苦労,名
くろっく,クロック,外
くろーじゃ,クロージャ,外
くわしい,詳しい,？
ぐあい,具合,名
ぐうせい,偶性,名
ぐうたら,ぐうたら,？
ぐこう,愚行,名
ぐたいてき,具体的,名
ぐっすり,ぐっすり,？
ぐんかん,軍艦,名
ぐんしょく,軍色,名
ぐんたい,軍隊,名
ぐんて,軍手,名
くーる,クール,外
ぐあてまら,グアテマラ,固
ぐんま,群馬,固
けあな,毛穴,名
けいかく,計画,名
けいけん,経験,名
けいこ,稽古,名
けいさつ,警察,名
けいたい,携帯,名
けいれき,経歴,名
けいろ,経路,名
けおとす,蹴落とす,動
けおりもの,毛織物,名
けさき,毛先,名
けしき,景色,名
けしごむ,消しゴム,名
けしょう,化粧,名
けたば,毛束,名
けちゃっぷ,ケチャップ,外
けちらす,蹴散らす,動
けっこん,結婚,名
けっせき,欠席,名
けってい,決定,名
けつあつ,血圧,名
けつい,決意,名
けつえき,血液,名
けつじょ,欠如,名
けつまつ,結末,名
けつろん,結論,名
けとばす,蹴飛ばす,動
けとる,ケトル,外
けなげ,健気,？
けなす,貶す,動
けなみ,毛並み,名
けにあ,ケニア,固
けぬき,毛抜き,名
けねん,懸念,名
けはい,気配,名
けぶかい,毛深い,？
けまり,蹴鞠,名
けみかる,ケミカル,外
けむし,毛虫,名
けむり,煙,名
けもの,獣,名
けらい,家来,名
けろけろ,けろけろ,？
けわしい,険しい,？
けんい,権威,名
けんえつ,検閲,名
けんお,嫌悪,名
けんか,喧嘩,名
けんげん,権限,名
けんこう,健康,名
けんさく,検索,名
けんしゅう,研修,名
けんしょう,検証,名
けんすう,件数,名
けんちく,建築,名
けんてい,検定,名
けんとう,検討,名
けんない,圏内,名
けんにん,兼任,名
けんま,研磨,名
けんみん,県民,名
けんめい,賢明,名
けんらん,絢爛,名
けんり,権利,名
げいじゅつ,芸術,名
げいのうじん,芸能人,名
げきか,激化,名
げきげん,激減,名
げきだん,劇団,名
げきちん,撃沈,名
げきとつ,激突,名
げきは,撃破,名
げきやく,劇薬,名
げこう,下校,名
げこくじょう,下剋上,名
げざい,下剤,名
げざん,下山,名
げすと,ゲスト,外
げつようび,月曜日,名
げつれい,月齢,名
げどく,解毒,名
げねつ,解熱,名
げひん,下品,名
げぼく,下僕,名
げんき,元気,名
げんそう,幻想,名
げんぶつ,現物,名
けーぶる,ケーブル,外
げんしょうがく,現象学,名
げーと,ゲート,外
げーむ,ゲーム,外
こあくま,小悪魔,名
こいぬ,子犬,名
こいびと,恋人,名
こいる,コイル,外
こうえん,公園,名
こうおん,高温,名
こうかん,交換,名
こうこう,高校,名
こうさい,交際,名
こうじ,工事,名
こうじょうせい,恒常性,名
こうすい,香水,名
こうそく,高速,名
こうぞう,構造,名
こうたい,交代,名
こうち,高知,固
こうちゃ,紅茶,名
こうつう,交通,名
こうてい,肯定,名
こうどう,行動,名
こうない,校内,名
こうはい,後輩,名
こうぶん,構文,名
こうぶんかいせき,構文解析,名
こうもく,項目,名
こうり,公理,名
こうりつ,効率,名
こうわ,講和,名
こえる,越える,動
こおり,氷,名
こくご,国語,名
こくさい,国際,名
こくとう,黒糖,名
こくない,国内,名
こくはく,告白,名
こぐま,小熊,名
こけい,固形,名
こける,転ぶ,動
ここのか,九日,名
こころ,心,名
こさめ,小雨,名
こしつ,個室,名
こすう,個数,名
こすたりか,コスタリカ,固
こせい,個性,名
こせき,戸籍,名
こぜん,孤然,？
こそだて,子育て,名
こそぼ,コソボ,固
こたい,固体,名
こたえる,答える,動
こたつ,コタツ,名
こちょう,誇張,名
こっか,国家,名
こつこつ,コツコツ,？
こつばん,骨盤,名
こつぶ,小粒,名
こてい,固定,名
こてん,古典,名
ことがら,事柄,名
ことし,今年,名
ことば,言葉,名
ことり,小鳥,名
こなごな,粉々,名
こねこね,こねこね,？
このまま,このまま,？
このみ,好み,名
このよ,この世,名
こひつじ,子羊,名
こふう,古風,名
こふん,古墳,名
こぼれる,こぼれる,動
こまかい,細かい,？
こまつな,小松菜,名
こまる,困る,動
こむぎこ,小麦粉,名
こもじ,小文字,名
こもち,子持ち,名
こもの,小物,名
こもん,顧問,名
こやく,子役,名
こやま,小山,名
こゆう,固有,名
こゆび,小指,名
こよい,今宵,名
こよう,雇用,名
こりる,懲りる,動
こるーちん,コルーチン,外
これくしょん,コレクション,外
ころっけ,コロッケ,外
ころんびあ,コロンビア,固
こわもて,強面,名
こわれる,壊れる,動
こんいん,婚姻,名
こんかい,今回,名
こんき,根気,名
こんご,今後,名
こんしゅう,今週,名
こんすい,昏睡,名
こんそーる,コンソール,外
こんだて,献立,名
こんてな,コンテナ,外
こんてんつ,コンテンツ,外
こんとろーる,コントロール,外
こんとん,混沌,名
こんなん,困難,名
こんぱいら,コンパイラ,外
こんぱいる,コンパイル,外
こんびに,コンビニ,外
こんぽん,根本,名
こんまけ,根負け,名
こんや,今夜,名
こんれい,婚礼,名
こんわく,困惑,名
ごうい,合意,名
ごうきゅう,号泣,名
ごうけい,合計,名
ごうせい,合成,名
ごうほう,合法,名
ごうまん,傲慢,名
ごかい,誤解,名
ごかん,五感,名
ごがつ,五月,名
ごはん,ご飯,名
ごまあぶら,ごま油,名
ごますり,ゴマすり,名
こーど,コード,外
こーらる,コーラル,外
ごーぐる,ゴーグル,外
ごーる,ゴール,外
さいかい,再会,名
さいき,再起,名
さいきん,最近,名
さいしょ,最初,名
さいず,サイズ,外
さいせい,再生,名
さいたま,埼玉,固
さいてき,最適,名
さいてきか,最適化,名
さいばねてぃくす,サイバネティクス,外
さうじあらびあ,サウジアラビア,固
さうな,サウナ,外
さかいし,堺市,固
さかな,魚,名
さかみち,坂道,名
さがす,探す,動
さがる,下がる,動
さが,佐賀,固
さぎょう,作業,名
さくし,作詞,名
さくひん,作品,名
さくら,桜,名
さこく,鎖国,名
さこつ,鎖骨,名
さずかる,授かる,動
さたん,サタン,外
さっきょく,作曲,名
さつえい,撮影,名
さつじん,殺人,名
さつたば,札束,名
さつまいも,サツマイモ,名
さてい,査定,名
さといも,サトイモ,名
さとう,砂糖,名
さとおや,里親,名
さとし,サトシ,固
さとる,悟る,動
さどる,サドル,外
さのう,左脳,名
さばく,砂漠,名
さびしい,寂しい,？
さべつ,差別,名
さほう,作法,名
さほど,さほど,？
さます,冷ます,動
さみしい,寂しい,？
さみだれ,五月雨,名
さむけ,寒気,名
さめる,冷める,動
さやえんどう,サヤエンドウ,名
さゆう,左右,名
さよう,作用,名
さよく,左翼,名
さらだ,サラダ,外
さわやか,さわやか,？
さわる,触る,動
さんいん,参院,名
さんか,参加,名
さんかくかんすう,三角関数,名
さんきゃく,三脚,名
さんこう,参考,名
さんさい,山菜,名
さんすう,算数,名
さんせい,賛成,名
さんそ,酸素,名
さんち,産地,名
さんどぼっくす,サンドボックス,外
さんぷりんぐ,サンプリング,外
さんぷる,サンプル,外
さんま,サンマ,名
さんまりの,サンマリノ,固
さんみ,酸味,名
さんらん,散乱,名
ざいえき,在役,名
ざいげん,財源,名
ざいこ,在庫,名
ざいたく,在宅,名
ざいちゅう,在中,名
ざいりょう,材料,名
ざせき,座席,名
ざっか,雑貨,名
ざっし,雑誌,名
ざっそう,雑草,名
ざつおん,雑音,名
ざつがく,雑学,名
ざるそば,ざるそば,名
ざんしょ,残暑,名
さーくる,サークル,外
さーばー,サーバー,外
ざんびあ,ザンビア,固
しあい,試合,名
しあげ,仕上げ,名
しあさって,しあさって,名
しあわせ,幸せ,名
しいく,飼育,名
しいん,子音,名
しうち,仕打ち,名
しぇる,シェル,外
しぇーだー,シェーダー,外
しえい,市営,名
しおけ,塩気,名
しかい,司会,名
しかく,資格,名
しが,滋賀,固
しぐなる,シグナル,外
しこう,思考,名
しごと,仕事,名
しすう,指数,名
しすてむ,システム,外
しずおか,静岡,固
しぜんすう,自然数,名
したうけ,下請け,名
したぎ,下着,名
したて,仕立て,名
したみ,下見,名
しちょう,視聴,名
しちりん,七輪,名
しっかり,しっかり,？
しつじ,執事,名
しつもん,質問,名
してい,指定,名
してき,指摘,名
してつ,私鉄,名
しなぎれ,品切れ,名
しなもの,品物,名
しなん,指南,名
しねま,シネマ,外
しねん,思念,名
しのぐ,しのぐ,動
しのぶ,しのぶ,動
しはい,支配,名
しはつ,始発,名
しはらい,支払い,名
しはん,市販,名
しばかり,芝刈り,名
しひょう,指標,名
しふく,私服,名
しへい,紙幣,名
しほう,司法,名
しほん,資本,名
しまう,しまう,動
しまね,島根,固
しまる,閉まる,動
しみん,市民,名
しむける,仕向ける,動
しめい,使命,名
しめる,閉める,動
しもん,指紋,名
しゃいん,社員,名
しゃうん,社運,名
しゃおん,遮音,名
しゃくほう,釈放,名
しゃけん,車検,名
しゃこ,車庫,名
しゃざい,謝罪,名
しゃしん,写真,名
しゃせん,車線,名
しゃそう,車窓,名
しゃぞう,写像,名
しゃたい,車体,名
しゃちょう,社長,名
しゃっきん,借金,名
しゃとる,シャトル,外
しゃべる,喋る,動
しゃりん,車輪,名
しゃれい,謝礼,名
しやくしょ,市役所,名
しゅうごう,集合,名
しゅうそく,収束,名
しゅくはく,宿泊,名
しゅっせき,出席,名
しゅみ,趣味,名
しゅらば,修羅場,名
しょうかい,紹介,名
しょうめい,証明,名
しょくたく,食卓,名
しょっけん,食券,名
しょどう,書道,名
しょもつ,書物,名
しらせる,知らせる,動
しらべる,調べる,動
しりある,シリアル,外
しりあるか,シリアル化,外
しんか,進化,名
しんがぽーる,シンガポール,固
しんくろないず,シンクロナイズ,外
しんぐる,シングル,外
しんけいもう,神経網,名
しんこう,進行,名
しんごう,信号,名
しんせいじ,新生児,名
しんちく,新築,名
しんりん,森林,名
じかん,時間,名
じだい,時代,名
じてん,辞典,名
じどう,自動,名
じぶん,自分,名
じむしょ,事務所,名
じゃがいも,ジャガイモ,名
じゃま,邪魔,名
じゅうしょ,住所,名
じゅしん,受信,名
じゅんばん,順番,名
じゆう,自由,名
じんじゃ,神社,名
しーる,シール,外
じぶち,ジブチ,固
じゃまいか,ジャマイカ,固
じょーじあ,ジョージア,固
すあげ,素揚げ,名
すあし,素足,名
すあな,巣穴,名
すいえい,水泳,名
すいか,スイカ,名
すいす,スイス,固
すいとう,水筒,名
すいようび,水曜日,名
すうぇーでん,スウェーデン,固
すうがく,数学,名
すうじつ,数日,名
すうせん,数千,名
すうれつ,数列,名
すおどり,素踊り,名
すからー,スカラー,外
すきま,隙間,名
すくう,救う,動
すくない,少ない,？
すくりぷと,スクリプト,外
すくろーる,スクロール,外
すけじゅーら,スケジューラ,外
すけじゅーる,スケジュール,外
すける,透ける,動
すけーる,スケール,外
すこし,少し,？
すごい,すごい,？
すすむ,進む,動
すすめる,進める,動
すずしい,涼しい,？
すたっく,スタック,外
すたっくとれーす,スタックトレース,外
すちーる,スチール,外
すっかり,すっかり,？
すてき,素敵,？
すてる,捨てる,動
すてんしる,ステンシル,外
すてーと,ステート,外
すてーぷる,ステープル,外
すとりーむ,ストリーム,外
すねる,拗ねる,動
すのこ,すのこ,名
すはだ,素肌,名
すばらしい,素晴らしい,？
すぱいらる,スパイラル,外
すふれ,スフレ,外
すぶり,素振り,名
すべて,すべて,名
すべる,滑る,動
すぺいん,スペイン,固
すぺくとる,スペクトル,外
すぺしゃる,スペシャル,外
すぼん,ズボン,外
すまい,住まい,名
すまいる,スマイル,外
すめし,酢飯,名
すもう,相撲,名
すやき,素焼き,名
すらすら,すらすら,？
すりらんか,スリランカ,固
するめ,スルメ,名
すれちがう,すれ違う,動
すれっど,スレッド,外
すろっと,スロット,外
すろばきあ,スロバキア,固
すろべにあ,スロベニア,固
すわる,座る,動
すんぜん,寸前,名
すんぽう,寸法,名
ずあん,図案,名
ずいぶん,随分,？
ずさん,杜撰,？
ずっしり,ずっしり,？
ずっと,ずっと,？
ずひょう,図表,名
ずぶぬれ,ずぶ濡れ,名
ずほう,図法,名
せあぶら,背脂,名
せいかつ,生活,名
せいげん,制限,名
せいじ,政治,名
せいたいけい,生態系,名
せいよう,西洋,名
せおう,背負う,動
せかいかん,世界観,名
せきにん,責任,名
せきぶん,積分,名
せきむ,責務,名
せきゆ,石油,名
せきらんうん,積乱雲,名
せぐめんと,セグメント,外
せけん,世間,名
せこう,施工,名
せすじ,背筋,名
せたい,世帯,名
せたけ,背丈,名
せっかく,折角,？
せっきゃく,接客,名
せっけん,石鹸,名
せっこつ,接骨,名
せっさたくま,切磋琢磨,名
せっしょん,セッション,外
せっと,セット,外
せっぱん,折半,名
せつぞく,接続,名
せつだん,切断,名
せつでん,節電,名
せつび,設備,名
せつぶん,節分,名
せつめい,説明,名
せつりつ,設立,名
せなか,背中,名
せねがる,セネガル,固
せのび,背伸び,名
せはば,背幅,名
せびろ,背広,名
せぼね,背骨,名
せまい,狭い,？
せまふぉ,セマフォ,外
せまる,迫る,動
せまんてぃくす,セマンティクス,外
せめる,攻める,動
せもたれ,背もたれ,名
せりふ,台詞,名
せる,セル,外
せるびあ,セルビア,固
せんい,繊維,名
せんえい,尖鋭,名
せんか,戦火,名
せんきょ,選挙,名
せんく,先駆,名
せんけいだいすう,線形代数,名
せんげん,宣言,名
せんさい,繊細,？
せんしゅ,選手,名
せんすい,潜水,名
せんせい,先生,名
せんぞ,先祖,名
せんたく,洗濯,名
せんちょう,船長,名
せんてい,選定,名
せんとう,戦闘,名
せんぬき,栓抜き,名
せんねん,専念,名
せんぱい,先輩,名
せんむ,専務,名
せんめんじょ,洗面所,名
せんもん,専門,名
せんやく,先約,名
せんゆう,占有,名
せんよう,専用,名
せんれい,洗礼,名
せんろ,線路,名
ぜっく,絶句,名
ぜんあく,善悪,名
ぜんご,前後,名
ぜんぶ,全部,名
ぜんぽう,前方,名
ぜんら,全裸,名
ぜんりゃく,前略,名
そあく,粗悪,？
そいとげる,添い遂げる,動
そいね,添い寝,名
そうがんきょう,双眼鏡,名
そうき,早期,名
そうご,相互,名
そうしん,送信,名
そうじょうこうか,相乗効果,名
そうだん,相談,名
そうなん,遭難,名
そうび,装備,名
そうめん,そうめん,名
そうり,総理,名
そうる,ソウル,固
そえもの,添え物,名
そえん,疎遠,名
そがい,阻害,名
そくど,速度,名
そげき,狙撃,名
そこう,素行,名
そこそこ,そこそこ,？
そざい,素材,名
そしな,粗品,名
そせい,組成,名
そせん,祖先,名
そそぐ,注ぐ,動
そだてる,育てる,動
そっかん,即感,名
そっけつ,即決,名
そっこう,即効,名
そっせん,率先,名
そっと,そっと,？
そつう,疎通,名
そつえん,卒園,名
そつぎょう,卒業,名
そとがわ,外側,名
そとづら,外面,名
そなえる,備える,動
そなた,そなた,名
そふぼ,祖父母,名
そぼく,素朴,？
そぼろ,そぼろ,名
そまつ,粗末,？
そまる,染まる,動
そむく,背く,動
そむりえ,ソムリエ,外
そめる,染める,動
そもそも,そもそも,？
そよかぜ,そよ風,名
そらまめ,ソラマメ,名
そろう,揃う,動
そんかい,損壊,名
そんけい,尊敬,名
そんざい,存在,名
そんしつ,損失,名
そんぞく,存続,名
そんちょう,尊重,名
そんみん,村民,名
ぞんび,ゾンビ,外
ぞんぶん,存分,名
そーす,ソース,外
そーすこーど,ソースコード,外
たあい,他愛,名
たい,タイ,固
たいいん,退院,名
たいうん,大運,名
たいえき,体液,名
たいおう,対応,名
たいき,待機,名
たいぐう,待遇,名
たいけん,体験,名
たいこ,太鼓,名
たいざい,滞在,名
たいしょう,対象,名
たいしょうせい,対称性,名
たいすう,対数,名
たいせつ,大切,？
たいそう,体操,名
たいちょう,体調,名
たいてい,たいてい,？
たいとる,タイトル,外
たいない,体内,名
たいねつ,耐熱,名
たいのう,滞納,名
たいはん,大半,名
たいふう,台風,名
たいぷ,タイプ,外
たいぷちぇっく,タイプチェック,外
たいへん,大変,？
たいほ,逮捕,名
たいまつばな,タイマツバナ,名
たいまー,タイマー,外
たいみんぐ,タイミング,外
たいむ,タイム,外
たいめん,対面,名
たいやき,たい焼き,名
たいよう,太陽,名
たいら,平ら,？
たいりょく,体力,名
たいる,タイル,外
たいわん,台湾,固
たうえ,田植え,名
たえる,耐える,動
たおす,倒す,動
たおる,タオル,外
たおれる,倒れる,動
たかい,高い,？
たかね,高嶺,名
たきび,焚き火,名
たくさん,たくさん,？
たこく,他国,名
たこやき,たこ焼き,名
たさい,多彩,？
たしざん,足し算,名
たじきすたん,タジキスタン,固
たすく,タスク,外
たすける,助ける,動
たずさわる,携わる,動
たそがれ,黄昏,名
たたかう,戦う,動
たたく,叩く,動
たたみ,畳,名
ただしい,正しい,？
たちばな,橘,名
たてる,立てる,動
たとえる,例える,動
たなばた,七夕,名
たにん,他人,名
たぬき,タヌキ,名
たのしみ,楽しみ,名
たはつ,多発,名
たぶん,多分,？
たべる,食べる,動
たぼう,多忙,？
たまご,卵,名
たまる,溜まる,動
ためいき,ため息,名
ためす,試す,動
ためる,溜める,動
たもつ,保つ,動
たやすい,易しい,？
たよる,頼る,動
たらす,垂らす,動
たりきほんがん,他力本願,名
たりょう,多量,名
たりる,足りる,動
たると,タルト,外
たれる,垂れる,動
たれんと,タレント,外
たろっと,タロット,外
たわむれる,戯れる,動
たんい,単位,名
たんおん,単音,名
たんか,短歌,名
たんき,短期,名
たんけん,探検,名
たんご,単語,名
たんさく,探索,名
たんさん,炭酸,名
たんざにあ,タンザニア,固
たんじょうび,誕生日,名
たんそく,嘆息,名
たんたい,単体,名
たんてい,探偵,名
たんとう,担当,名
たんにん,担任,名
たんのう,堪能,名
たんぴん,単品,名
たんまつ,端末,名
たんめい,短命,名
だいがく,大学,名
だいじょうぶ,大丈夫,？
だいすき,大好き,？
だいたい,代替,名
だいどころ,台所,名
だいひょう,代表,名
だじゃれ,駄洒落,名
だっかい,奪還,名
だっきゃく,脱却,名
だっこ,抱っこ,名
だっしゅつ,脱出,名
だったい,脱退,名
だむる,ダムる,動
だんあつ,弾圧,名
だんせい,男性,名
だんち,団地,名
だんな,旦那,名
だんねつ,断熱,名
だんぼう,暖房,名
だんれつ,断裂,名
だんろ,暖炉,名
だんわ,談話,名
たーみなる,ターミナル,外
だいなみっくりんく,ダイナミックリンク,外
だいやる,ダイヤル,外
だぶる,ダブル,外
ちあい,血合い,名
ちあん,治安,名
ちいき,地域,名
ちいさい,小さい,？
ちぇこ,チェコ,固
ちえん,遅延,名
ちかい,近い,？
ちから,力,名
ちきゅう,地球,名
ちきん,チキン,外
ちけいず,地形図,名
ちけん,治験,名
ちこく,遅刻,名
ちさい,治罪,名
ちしき,知識,名
ちしりょう,致死量,名
ちせい,知性,名
ちそう,地層,名
ちたい,地帯,名
ちたん,チタン,外
ちちおや,父親,名
ちつじょ,秩序,名
ちてき,知的,名
ちてん,地点,名
ちぬき,血抜き,名
ちぬり,血塗り,名
ちのう,知能,名
ちば,千葉,固
ちひょう,地表,名
ちへいせん,地平線,名
ちほう,地方,名
ちまた,巷,名
ちみつ,緻密,？
ちみどろ,血みどろ,名
ちめいど,知名度,名
ちゃっと,チャット,外
ちゃど,茶道,名
ちゃねる,チャネル,外
ちゃんこなべ,ちゃんこ鍋,名
ちゃんねる,チャンネル,外
ちゅうい,注意,名
ちゅうごく,中国,固
ちゅうしょう,抽象,名
ちゆりょく,治癒力,名
ちょうし,調子,名
ちょさくけん,著作権,名
ちらし,チラシ,名
ちらみ,チラ見,名
ちり,地理,名
ちりがみ,塵紙,名
ちりょう,治療,名
ちるど,チルド,外
ちわわ,チワワ,名
ちんたい,賃貸,名
ちんもく,沈黙,名
ついか,追加,名
ついたち,一日,名
ついろん,推論,名
つうか,通貨,名
つうじょう,通常,名
つうはん,通販,名
つうわ,通話,名
つかう,使う,動
つかれる,疲れる,動
つくね,つくね,名
つくる,作る,動
つけね,付け根,名
つける,付ける,動
つごう,都合,名
つたえる,伝える,動
つつじ,ツツジ,名
つつむ,包む,動
つづく,続く,動
つとめる,務める,動
つながる,繋がる,動
つなみ,津波,名
つねづね,常々,？
つのる,募る,動
つぶす,潰す,動
つまらない,つまらない,？
つまる,詰まる,動
つみき,積み木,名
つめたい,冷たい,？
つもり,つもり,名
つもる,積もる,動
つよい,強い,？
つる,ツル,名
つるぼ,ツルボ,名
つるみく,鶴見区,固
つわもの,兵,名
つわり,つわり,名
つーる,ツール,外
てあし,手足,名
てあて,手当,名
てあみ,手編み,名
ていおん,低温,名
ていか,低下,名
ていき,定期,名
ていけい,提携,名
ていこく,帝国,名
ていさつ,偵察,名
ていし,停止,名
ていせい,訂正,名
ていたい,停滞,名
ていど,程度,名
ていねい,丁寧,？
ていひょう,定評,名
ていへん,底辺,名
ていぼう,堤防,名
ていり,定理,名
てうち,手打ち,名
ておくれ,手遅れ,名
てきすと,テキスト,外
てきとう,適当,？
てくび,手首,名
てさぎょう,手作業,名
てさげ,手提げ,名
てすり,手すり,名
てそう,手相,名
てちがい,手違い,名
てちょう,手帳,名
てつがく,哲学,名
てつづき,手続き,名
てつぼう,鉄棒,名
てつや,徹夜,名
てぬき,手抜き,名
てぬぐい,手ぬぐい,名
てのひら,手のひら,名
てはい,手配,名
てふだ,手札,名
てぶくろ,手袋,名
てほどき,手ほどき,名
てほん,手本,名
てまえ,手前,名
てまきずし,手巻き寿司,名
てみじか,手短,？
てみやげ,手土産,名
てらす,照らす,動
てれび,テレビ,外
てわけ,手分け,名
てわたし,手渡し,名
てんいん,店員,名
てんかい,展開,名
てんき,天気,名
てんぐ,天狗,名
てんけん,点検,名
てんごく,天国,名
てんさい,天才,名
てんし,天使,名
てんすう,点数,名
てんそう,転送,名
てんてき,点滴,名
てんとう,店頭,名
てんない,店内,名
てんぷら,天ぷら,名
てんぼうだい,展望台,名
てんめつ,点滅,名
てんらんかい,展覧会,名
でこぼこ,凸凹,名
でっぱ,出っ歯,名
でぬかえ,出迎え,名
でんあつ,電圧,名
でんち,電池,名
でんりょく,電力,名
でんわ,電話,名
てーぜ,テーゼ,外
てーぶる,テーブル,外
てーる,テール,外
でぃーぜる,ディーゼル,外
でこーど,デコード,外
でしべる,デシベル,外
でじたる,デジタル,外
でっどろっく,デッドロック,外
でばいす,デバイス,外
でばっが,デバッガ,外
でばっぐ,デバッグ,外
でんまーく,デンマーク,固
でーた,データ,外
でーたべーす,データベース,外
といれ,トイレ,外
とうきゅう,等級,名
とうきょう,東京,固
とうけい,統計,名
とうけいがく,統計学,名
とうし,投資,名
とうむぎ,トウモロコシ,名
とおい,遠い,？
とおか,十日,名
とおく,遠く,名
とおす,通す,動
とおる,通る,動
とかい,都会,名
とかす,溶かす,動
ときおり,時折,？
ときどき,時々,？
とくい,得意,？
とくしま,徳島,固
とくしゅう,特集,名
とくてん,得点,名
とくに,特に,？
とくべつ,特別,？
とけい,時計,名
とける,溶ける,動
とこや,床屋,名
とさか,トサカ,名
としょかん,図書館,名
とそう,塗装,名
とたん,トタン,外
とちぎ,栃木,固
とちゅう,途中,名
とっきゅう,特急,名
とっくん,特訓,名
とっとり,鳥取,固
とつぜん,突然,？
とつにゅう,突入,名
ととのえる,整える,動
とどける,届ける,動
とない,都内,名
となえる,唱える,動
となり,隣,名
とのさま,殿様,名
とばす,飛ばす,動
とほう,途方,名
とぽろじー,トポロジー,外
とまる,止まる,動
とめる,止める,動
ともだち,友達,名
ともる,点る,動
とやま,富山,固
とらいある,トライアル,外
とらえる,捕らえる,動
とらべる,トラベル,外
とるこ,トルコ,固
とんかつ,トンカツ,名
とんが,トンガ,固
とんねる,トンネル,外
どあい,度合,名
どうかん,同感,名
どうぐ,道具,名
どうわ,童話,名
どぶがわ,ドブ川,名
どようび,土曜日,名
どんぶり,丼,名
とーくん,トークン,外
とーたる,トータル,外
どいつ,ドイツ,固
どうけい,同型,名
どうとく,道徳,名
どきゅめんと,ドキュメント,外
どみにか,ドミニカ,固
どめいん,ドメイン,外
どらいば,ドライバ,外
どりる,ドリル,外
ないかく,内閣,名
ないこう,内向,名
ないざい,内在,名
ないしょ,内緒,名
ないじぇりあ,ナイジェリア,固
ないす,ナイス,外
ないせき,内積,名
ないせん,内線,名
ないそう,内装,名
なおす,直す,動
ながい,長い,？
ながさき,長崎,固
ながの,長野,固
なくす,無くす,動
なげる,投げる,動
なこうど,仲人,名
なさけ,情け,名
なたでここ,ナタデココ,外
なちゅらりずむ,ナチュラリズム,外
なっとう,納豆,名
なつやすみ,夏休み,名
ななおし,菜直し,名
なにごと,何事,名
なにもの,何者,名
なにわ,浪速,固
なのか,七日,名
なふだ,名札,名
なまいき,生意気,？
なまえ,名前,名
なまみ,生身,名
なみだ,涙,名
なみびあ,ナミビア,固
なめらか,滑らか,？
なめる,舐める,動
なやむ,悩む,動
なら,奈良,固
ならう,習う,動
ならび,並び,名
ならぶ,並ぶ,動
なるぽいんた,ヌルポインタ,外
なれる,慣れる,動
なわとび,縄跳び,名
なわばり,縄張り,名
にあう,似合う,動
にいがた,新潟,固
にうけ,荷受け,名
におい,匂い,名
にかい,二階,名
にからぐあ,ニカラグア,固
にがて,苦手,？
にきび,ニキビ,名
にくしみ,憎しみ,名
にくまん,肉まん,名
にげる,逃げる,動
にさんかたんそ,二酸化炭素,名
にしき,錦,名
にせもの,偽物,名
にちじょう,日常,名
にちようび,日曜日,名
にっか,日課,名
にっき,日記,名
にっけい,日経,名
にっける,ニッケル,外
にっこう,日光,名
にっさん,日産,固
にっしょく,日食,名
にっすう,日数,名
にっせき,日赤,名
にってい,日程,名
になう,担う,動
にほん,日本,固
にまめ,煮豆,名
にもつ,荷物,名
にやり,ニヤリ,？
にゅういん,入院,名
にゅーじーらんど,ニュージーランド,固
にゅーらるねっとわーく,ニューラルネットワーク,外
にりんしゃ,二輪車,名
にわとり,ニワトリ,名
にんい,任意,名
にんか,認可,名
にんき,人気,名
にんげん,人間,名
にんしき,認識,名
にんずう,人数,名
にんそう,人相,名
にんたい,忍耐,名
にんち,認知,名
にんちしんりがく,認知心理学,名
にんてい,認定,名
にんにく,ニンニク,名
にんぷ,妊婦,名
にんまり,にんまり,？
にんむ,任務,名
にんめい,任命,名
にんよう,任用,名
ぬいくぎ,縫い釘,名
ぬかす,抜かす,動
ぬくもり,温もり,名
ぬぐいとる,拭い取る,動
ぬぐう,拭う,動
ぬすむ,盗む,動
ぬまえび,沼エビ,名
ぬめり,ぬめり,名
ぬらす,濡らす,動
ぬんちゃく,ヌンチャク,外
ねあげ,値上げ,名
ねいき,寝息,名
ねいる,ネイル,外
ねいろ,音色,名
ねくたい,ネクタイ,外
ねくら,根暗,？
ねぐせ,寝癖,名
ねこぜ,猫背,名
ねこむ,寝込む,動
ねさげ,値下げ,名
ねすごす,寝過ごす,動
ねそべる,寝そべる,動
ねだん,値段,名
ねっしん,熱心,？
ねったいぎょ,熱帯魚,名
ねっとりすと,ネットリスト,外
ねっとわーく,ネットワーク,外
ねつい,熱意,名
ねつぞう,捏造,名
ねぱーる,ネパール,固
ねふだ,値札,名
ねぶそく,寝不足,名
ねほりはほり,根掘り葉掘り,？
ねぼう,寝坊,名
ねまき,寝巻き,名
ねまわし,根回し,名
ねみみ,寝耳,名
ねむい,眠い,？
ねむたい,眠たい,？
ねもと,根本,名
ねらう,狙う,動
ねわざ,寝技,名
ねんいり,念入り,？
ねんおし,念押し,名
ねんかん,年間,名
ねんきん,年金,名
ねんぐ,年貢,名
ねんざ,捻挫,名
ねんし,年始,名
ねんちゃく,粘着,名
ねんど,粘土,名
ねんぴ,燃費,名
ねんぶつ,念仏,名
ねんまつ,年末,名
ねんりょう,燃料,名
ねんれい,年齢,名
ねーむすぺーす,ネームスペース,外
のいず,ノイズ,外
のおづま,野妻,名
のがす,逃す,動
のきなみ,軒並み,名
のこぎり,鋸,名
のこす,残す,動
のこる,残る,動
のずる,ノズル,外
のせる,乗せる,動
のぞく,覗く,動
のぞむ,望む,動
のたまう,宣う,動
のちほど,後ほど,？
のっく,ノック,外
のはら,野原,名
のばす,伸ばす,動
のべる,述べる,動
のぼる,登る,動
のみもの,飲み物,名
のやま,野山,名
のらいぬ,野良犬,名
のらねこ,野良猫,名
のりもの,乗り物,名
のりゆき,乗ゆき,名
のるうぇー,ノルウェー,固
のるむ,ノルマ,外
のれん,暖簾,名
のんき,呑気,？
のーど,ノード,外
のーむ,ノーム,外
はあく,把握,名
はいけん,拝見,名
はいご,背後,名
はいしん,配信,名
はいすい,排水,名
はいせん,配線,名
はいそう,配送,名
はいたい,媒体,名
はいち,配置,名
はいぱーぐらふ,ハイパーグラフ,外
はいれつ,配列,名
はえる,生える,動
はおる,羽織る,動
はかい,破壊,名
はかる,測る,動
はくしゅ,拍手,名
はけん,派遣,名
はこぶ,運ぶ,動
はさみ,ハサミ,名
はさみうちのていり,はさみうちの原理,名
はさん,破産,名
はしご,梯子,名
はしる,走る,動
はせる,馳せる,動
はそん,破損,名
はたん,破綻,名
はちみつ,蜂蜜,名
はっかく,発覚,名
はっきり,はっきり,？
はっくつ,発掘,名
はっけん,発見,名
はっこう,発行,名
はっさん,発散,名
はっしん,発信,名
はったつ,発達,名
はっちゅう,発注,名
はってん,発展,名
はっぴょう,発表,名
はっぽう,発砲,名
はつおん,発音,名
はづき,葉月,名
はなす,話す,動
はなび,花火,名
はにかむ,はにかむ,動
はぶらし,歯ブラシ,名
はみがき,歯磨き,名
はむかう,刃向かう,動
はめつ,破滅,名
はやい,早い,？
はやし,林,名
はらう,払う,動
はる,春,名
はろうぃん,ハロウィン,外
はわい,ハワイ,固
はんい,範囲,名
はんえい,反映,名
はんおん,半音,名
はんかく,半角,名
はんがりー,ハンガリー,固
はんきょう,反響,名
はんこ,ハンコ,名
はんしゃ,反射,名
はんすう,反芻,名
はんだん,判断,名
はんてい,判定,名
はんとし,半年,名
はんどる,ハンドル,外
はんのう,反応,名
はんぱ,半端,？
はんぶん,半分,名
はんぺん,はんぺん,名
はんぼうき,繁忙期,名
はんめい,判明,名
はんらん,氾濫,名
はんろん,反論,名
ばあい,場合,名
ばあさん,婆さん,名
ばいか,倍加,名
ばいく,バイク,外
ばいばい,売買,名
ばかり,ばかり,？
ばしょ,場所,名
ばんぐみ,番組,名
ぱそこん,パソコン,外
ぱんち,パンチ,外
ぱんつ,パンツ,外
はーどる,ハードル,外
はーめねうてぃくす,ハーメネウティクス,外
ばいあす,バイアス,外
ばいと,バイト,外
ばいなり,バイナリ,外
ばいぶる,バイブル,外
ばぐ,バグ,外
ばちかん,バチカン,固
ばっくあっぷ,バックアップ,外
ばっくとらっく,バックトラック,外
ばっふぁ,バッファ,外
ばとる,バトル,外
ばはま,バハマ,固
ばるばどす,バルバドス,固
ばんぐらでしゅ,バングラデシュ,固
ぱいぷ,パイプ,外
ぱいぷらいん,パイプライン,外
ぱきすたん,パキスタン,固
ぱけっと,パケット,外
ぱす,パス,外
ぱずる,パズル,外
ぱどる,パドル,外
ぱなま,パナマ,固
ぱぷあにゅーぎにあ,パプアニューギニア,固
ぱらぐあい,パラグアイ,固
ぱらだいむ,パラダイム,外
ぱらめーた,パラメータ,外
ぱーさー,パーサー,外
ひいき,贔屓,名
ひうん,悲運,名
ひえる,冷える,動
ひかく,比較,名
ひかり,光,名
ひかる,光る,動
ひかん,悲観,名
ひくい,低い,？
ひけつ,否決,名
ひこうき,飛行機,名
ひこく,被告,名
ひさい,被災,名
ひさしぶり,久しぶり,？
ひさん,悲惨,？
ひしょ,秘書,名
ひそか,密か,？
ひそむ,潜む,動
ひたむき,ひたむき,？
ひたる,浸る,動
ひだり,左,名
ひっこし,引っ越し,名
ひっし,必死,？
ひっす,必須,名
ひっと,ヒット,外
ひつぎ,棺,名
ひつじゅひん,必需品,名
ひつぜん,必然,名
ひつよう,必要,名
ひてい,否定,名
ひとごみ,人混み,名
ひなまつり,ひな祭り,名
ひなん,避難,名
ひねる,捻る,動
ひはん,批判,名
ひひょう,批評,名
ひびく,響く,動
ひほう,悲報,名
ひまわり,ヒマワリ,名
ひまん,肥満,名
ひみつ,秘密,名
ひめい,悲鳴,名
ひめじし,姫路市,固
ひやけ,日焼け,名
ひやす,冷やす,動
ひょうご,兵庫,固
ひょうしょう,表彰,名
ひよう,費用,名
ひらがな,平仮名,名
ひらく,開く,動
ひりつ,比率,名
ひりょう,肥料,名
ひるま,昼間,名
ひるやすみ,昼休み,名
ひれい,比例,名
ひろい,広い,？
ひろう,拾う,動
ひろき,弘樹,固
ひろしま,広島,固
ひろゆき,博之,固
ひんかく,品格,名
ひんけつ,貧血,名
ひんこん,貧困,名
ひんしゅ,品種,名
ひんそう,貧相,？
ひんぱん,頻繁,？
びじゅつかん,美術館,名
びょうき,病気,名
びんぼう,貧乏,名
ぴったり,ぴったり,？
ぴっちり,ぴっちり,？
ぴんち,ピンチ,外
ひーぷ,ヒープ,外
ひーる,ヒール,外
びっと,ビット,外
びにーる,ビニール,外
びる,ビル,外
ふぁいる,ファイル,外
ふぁんくた,ファンクタ,外
ふあん,不安,名
ふぃじー,フィジー,固
ふぃりぴん,フィリピン,固
ふぃるた,フィルタ,外
ふぃんらんど,フィンランド,固
ふいうち,不意打ち,名
ふうけい,風景,名
ふうせん,風船,名
ふうとう,封筒,名
ふうふ,夫婦,名
ふぇすてぃばる,フェスティバル,外
ふえる,増える,動
ふぉるだ,フォルダ,外
ふぉーく,フォーク,外
ふぉーまる,フォーマル,外
ふぉーむ,フォーム,外
ふおん,不穏,？
ふかい,深い,？
ふきん,布巾,名
ふくい,福井,固
ふくおか,福岡,固
ふくざつ,複雑,？
ふくしま,福島,固
ふくそすう,複素数,名
ふくぶくろ,福袋,名
ふこう,不幸,名
ふさい,負債,名
ふしぎ,不思議,？
ふじみ,不死身,名
ふすま,襖,名
ふせい,不正,名
ふせぐ,防ぐ,動
ふそく,不足,名
ふたん,負担,名
ふちょう,不調,名
ふっかつ,復活,名
ふっき,復帰,名
ふっこく,復刻,名
ふっとぼーる,フットボール,外
ふつう,普通,名
ふつか,二日,名
ふとる,太る,動
ふとん,布団,名
ふのう,不能,名
ふはい,腐敗,名
ふひょう,不評,名
ふへん,普遍,名
ふまん,不満,名
ふみん,不眠,名
ふめつ,不滅,名
ふめん,譜面,名
ふよう,不要,名
ふらいほいーる,フライホイール,外
ふらぐ,フラグ,外
ふりこ,振り子,名
ふりる,フリル,外
ふるい,古い,？
ふれーむ,フレーム,外
ふれーむわーく,フレームワーク,外
ふんいき,雰囲気,名
ふんしつ,紛失,名
ふんそう,紛争,名
ぶたにく,豚肉,名
ぶどう,葡萄,名
ぶんがく,文学,名
ぶんぐ,文具,名
ぶんせき,分析,名
ぶんぽう,文法,名
ぷうたろう,プータロー,名
ふーりえへんかん,フーリエ変換,名
ぶらじる,ブラジル,固
ぶるがりあ,ブルガリア,固
ぶるねい,ブルネイ,固
ぶんるい,分類,名
ぶーたん,ブータン,固
ぷらぐいん,プラグイン,外
ぷらっとふぉーむ,プラットフォーム,外
ぷろぐらむ,プログラム,外
ぷろせす,プロセス,外
ぷろとこる,プロトコル,外
ぷろぱてぃ,プロパティ,外
ぷーる,プール,外
へいあん,平安,名
へいおん,平穏,？
へいがい,弊害,名
へいき,平気,？
へいげん,平原,名
へいこう,平行,名
へいさ,閉鎖,名
へいしゃ,弊社,名
へいせつ,併設,名
へいそ,平素,名
へいたく,平宅,名
へいてん,閉店,名
へいねつ,平熱,名
へいわ,平和,名
へきが,壁画,名
へこむ,凹む,動
へっだ,ヘッダ,外
へらす,減らす,動
へるぷ,ヘルプ,外
へんかん,変換,名
へんさい,返済,名
へんたい,変態,名
べにいろ,紅色,名
べにしょうが,紅生姜,名
べんきょう,勉強,名
べんごし,弁護士,名
べんり,便利,？
べくとる,ベクトル,外
べとなむ,ベトナム,固
べねずえら,ベネズエラ,固
べらるーし,ベラルーシ,固
べるぎー,ベルギー,固
べんしょうほう,弁証法,名
ぺだる,ペダル,外
ぺるー,ペルー,固
ほあん,保安,名
ほいく,保育,名
ほいーる,ホイール,外
ほうこく,報告,名
ほうそう,放送,名
ほうそく,法則,名
ほうていしき,方程式,名
ほうほう,方法,名
ほうもん,訪問,名
ほうりつ,法律,名
ほえる,吠える,動
ほおん,保温,名
ほかん,保管,名
ほきょう,補強,名
ほくろ,ほくろ,名
ほけつ,補欠,名
ほけん,保険,名
ほこう,歩行,名
ほこる,誇る,動
ほしい,欲しい,？
ほしつ,保湿,名
ほしゅ,保守,名
ほしょう,保証,名
ほすと,ホスト,外
ほせい,補正,名
ほそい,細い,？
ほそく,補足,名
ほたて,ホタテ,名
ほたる,ホタル,名
ほっかいどう,北海道,固
ほっきょく,北極,名
ほっさ,発作,名
ほったん,発端,名
ほてる,ホテル,外
ほとんど,ほとんど,？
ほめおすたすぃす,ホメオスタシス,外
ほめる,褒める,動
ほんい,本意,名
ほんき,本気,名
ほんけ,本家,名
ほんしつ,本質,名
ほんやく,翻訳,名
ぼうぎょ,防御,名
ぼきん,募金,名
ぽちぶくろ,ポチ袋,名
ぼうる,ボウル,外
ぼとる,ボトル,外
ぼーかる,ボーカル,外
ぽいんた,ポインタ,外
ぽてんしゃる,ポテンシャル,外
ぽりもーふぃずむ,ポリモーフィズム,外
ぽるとがる,ポルトガル,固
ぽーたる,ポータル,外
ぽーと,ポート,外
ぽーらんど,ポーランド,固
まいにち,毎日,名
まうす,マウス,外
まかい,魔界,名
まかせる,任せる,動
まがる,曲がる,動
まくろ,マクロ,外
まくろけいざいがく,マクロ経済学,名
まける,負ける,動
まこと,誠,名
まさつ,摩擦,名
まじめ,真面目,？
ますく,マスク,外
まぜる,混ぜる,動
まだがすかる,マダガスカル,固
まっぷ,マップ,外
まつり,祭り,名
まとめ,まとめ,名
まとりくす,マトリクス,外
まなぶ,学ぶ,動
まにゅある,マニュアル,外
まぬけ,間抜け,？
まねく,招く,動
まねーじゃ,マネージャ,外
まほう,魔法,名
まもる,守る,動
まゆげ,眉毛,名
まよう,迷う,動
まる,丸,名
まれーしあ,マレーシア,固
まろやか,まろやか,？
まわす,回す,動
まわり,回り,名
まわる,回る,動
まんが,漫画,名
まんきつ,満喫,名
まんぞく,満足,名
まんなか,真ん中,名
まんほーる,マンホール,外
みいら,ミイラ,名
みうち,身内,名
みえ,三重,固
みえる,見える,動
みかた,味方,名
みかん,ミカン,名
みがく,磨く,動
みくろけいざいがく,ミクロ経済学,名
みけん,眉間,名
みこん,未婚,名
みさいる,ミサイル,外
みじかい,短い,？
みすい,未遂,名
みすえる,見据える,動
みせる,見せる,動
みっか,三日,名
みつかる,見つかる,動
みつける,見つける,動
みてい,未定,名
みとめる,認める,動
みどる,ミドル,外
みどるうぇあ,ミドルウェア,外
みなと,港,名
みなみかさい,南葛西,固
みねらる,ミネラル,外
みのう,未納,名
みのがす,見逃す,動
みぶん,身分,名
みほん,見本,名
みもと,身元,名
みゃんまー,ミャンマー,固
みやぎ,宮城,固
みやげ,土産,名
みやざき,宮崎,固
みらい,未来,名
みりょく,魅力,名
みわく,魅惑,名
みんか,民家,名
みんこふすきーきょり,ミンコフスキー距離,名
みんぞく,民族,名
むいか,六日,名
むいしき,無意識,名
むえき,無益,？
むえん,無縁,名
むかい,向かい,名
むかう,向かう,動
むかえ,迎え,名
むかし,昔,名
むぎちゃ,麦茶,名
むける,向ける,動
むげん,無限,名
むこう,向こう,名
むさぼる,貪る,動
むしあつい,蒸し暑い,？
むしば,虫歯,名
むしろ,むしろ,？
むじゅん,矛盾,名
むすう,無数,名
むすこ,息子,名
むすぶ,結ぶ,動
むすめ,娘,名
むせる,噎せる,動
むせん,無線,名
むちゅう,夢中,？
むなしい,虚しい,？
むのう,無能,名
むやみ,むやみ,？
むよう,無用,名
むらさき,紫,名
むりょう,無料,名
むろん,無論,？
むーぶ,ムーブ,外
めいあん,明暗,名
めいうん,命運,名
めいえん,名演,名
めいかく,明確,？
めいきょく,名曲,名
めいさい,迷彩,名
めいし,名刺,名
めいそう,迷走,名
めいぶつ,名物,名
めいれい,命令,名
めいわく,迷惑,名
めきしこ,メキシコ,固
めぐまれる,恵まれる,動
めざす,目指す,動
めした,目下,名
めずらしい,珍しい,？
めそっど,メソッド,外
めたでーた,メタデータ,外
めたふぁー,メタファー,外
めだつ,目立つ,動
めだる,メダル,外
めっせーじ,メッセージ,外
めびうすのわ,メビウスの輪,名
めまい,眩暈,名
めもり,メモリ,外
めやす,目安,名
めんきょ,免許,名
めんせき,面積,名
めんどう,面倒,？
めーる,メール,外
もうしあげる,申し上げる,動
もうどうけん,盲導犬,名
もえる,燃える,動
もくし,目視,名
もくてき,目的,名
もくようび,木曜日,名
もじこーど,文字コード,名
もじゅーる,モジュール,外
もじれつ,文字列,名
もちろん,もちろん,？
もでりんぐ,モデリング,外
もでる,モデル,外
もどる,戻る,動
もなこ,モナコ,固
ものれーる,モノレール,外
もびーる,モビール,外
もらう,貰う,動
もらる,モラル,外
もるどば,モルドバ,固
もろっこ,モロッコ,固
もんく,文句,名
もんごる,モンゴル,固
もんだい,問題,名
もんてねぐろ,モンテネグロ,固
やおや,八百屋,名
やける,焼ける,動
やさい,野菜,名
やさしい,優しい,？
やすい,安い,？
やすたろう,安太郎,固
やすみ,休み,名
やせる,痩せる,動
やそう,野草,名
やたい,屋台,名
やちん,家賃,名
やっと,やっと,？
やっぱり,やっぱり,？
やぶる,破る,動
やまがた,山形,固
やまぐち,山口,固
やまなし,山梨,固
やめる,辞める,動
ややこしい,ややこしい,？
やよい,弥生,名
やわらかい,柔らかい,？
ゆうき,勇気,名
ゆうど,誘導,名
ゆうびんきょく,郵便局,名
ゆうべ,夕べ,名
ゆうめい,有名,？
ゆけつ,輸血,名
ゆしゅつ,輸出,名
ゆせん,湯煎,名
ゆそう,輸送,名
ゆたか,心豊か,？
ゆちゃく,癒着,名
ゆでる,茹でる,動
ゆにゅう,輸入,名
ゆびわ,指輪,名
ゆらい,由来,名
ゆれる,揺れる,動
ゆーざー,ユーザー,外
ゆーざーすぺーす,ユーザースペース,外
ゆーとぴあ,ユートピア,外
ようい,容易,？
よういん,要因,名
ようか,八日,名
ようきゅう,要求,名
ようじ,幼児,名
ようす,様子,名
ようそう,要素,名
ようちえん,幼稚園,名
よかぜ,夜風,名
よかん,予感,名
よきん,預金,名
よくせい,抑制,名
よくぼう,欲望,名
よけい,余計,？
よごれる,汚れる,動
よさん,予算,名
よしゅう,予習,名
よそう,予想,名
よそく,予測,名
よっか,四日,名
よてい,予定,名
よどがわく,淀川区,固
よねつ,予熱,名
よやく,予約,名
よゆう,余裕,名
よろこぶ,喜ぶ,動
よろしい,宜しい,？
らいう,雷雨,名
らいおん,ライオン,名
らいせんす,ライセンス,外
らいたー,ライター,外
らいち,ライチ,名
らいちょう,雷鳥,名
らいと,ライト,外
らいともーど,ライトモード,外
らいばる,ライバル,外
らいふ,ライフ,外
らいぶ,ライブ,外
らいぶらり,ライブラリ,外
らいむ,ライム,外
らいむぎ,ライ麦,名
らいん,ライン,外
らうんどろびん,ラウンドロビン,外
らおす,ラオス,固
らくがき,落書き,名
らくご,落語,名
らくさつ,落札,名
らくだ,ラクダ,名
らぐびー,ラグビー,外
らぐらんじゅ,ラグランジュ,固
らけっと,ラケット,外
らざふぉーど,ラザフォード,固
らしんばん,羅針盤,名
らじお,ラジオ,外
らじかる,ラジカル,外
らすたらいず,ラスタライズ,外
らすと,ラスト,外
らずべりー,ラズベリー,外
らせん,螺旋,名
らぞく,裸族,名
らたい,裸体,名
らっか,落下,名
らっきょう,ラッキョウ,名
らっこ,ラッコ,名
らっしゅ,ラッシュ,外
らて,ラテ,外
らとびあ,ラトビア,固
らぷらす,ラプラス,固
らべる,ラベル,外
らまぬじゃん,ラマヌジャン,固
らむだ,ラムダ,外
らむね,ラムネ,外
られつ,羅列,名
らんきんぐ,ランキング,外
らんげーじ,ランゲージ,外
らんたいむ,ランタイム,外
らんだむ,ランダム,外
らんちゃー,ランチャー,外
らんにんぐ,ランニング,外
らんぷ,ランプ,外
らーめん,ラーメン,外
りえき,利益,名
りかい,理解,名
りきさく,力作,名
りきせつ,力説,名
りくぐん,陸軍,名
りくつ,理屈,名
りけん,利権,名
りこう,履行,名
りさいくる,リサイクル,外
りさんすうがく,離散数学,名
りすと,リスト,外
りせい,理性,名
りそう,理想,名
りそく,利息,名
りそーす,リソース,外
りっとる,リットル,外
りてらる,リテラル,外
りてん,利点,名
りとあにあ,リトアニア,固
りねん,理念,名
りひてんしゅたいん,リヒテンシュタイン,固
りびあ,リビア,固
りふぁくたりんぐ,リファクタリング,外
りふぁれんす,リファレンス,外
りぽじとり,リポジトリ,外
りゅうがく,留学,名
りゆう,理由,名
りょうしりきがく,量子力学,名
りょうり,料理,名
りょかん,旅館,名
りょくちゃ,緑茶,名
りょこう,旅行,名
りよう,利用,名
りりく,離陸,名
りれき,履歴,名
りろん,理論,名
りんか,臨界,名
りんご,リンゴ,名
りんりがく,倫理学,名
りーまんよそう,リーマン予想,名
るあー,ルアー,外
るい,類,名
るいけい,類型,名
るいさい,累債,名
るいじ,類似,名
るいせき,累積,名
るくせんぶるく,ルクセンブルク,固
るす,留守,名
るすばん,留守番,名
るちる,ルチル,名
るっく,ルック,外
るつぼ,坩堝,名
るてしうむ,ルテチウム,名
るてにうむ,ルテニウム,名
るなん,ルナン,固
るぱん,ルパン,固
るび,ルビ,名
るびじうむ,ルビジウム,名
るびー,ルビー,名
るぴなす,ルピナス,名
るまん,ル・マン,固
るみなりえ,ルミナリエ,外
るみね,ルミネ,固
るみねっせんす,ルミネッセンス,外
るみのしてぃ,ルミノシティ,外
るみのーる,ルミノール,外
るみなーる,ルミナール,外
るり,瑠璃,名
るりがわら,瑠璃瓦,名
るれくちぇ,ル・レクチェ,名
るれっと,ルーレット,外
るわんだ,ルワンダ,固
るーきー,ルーキー,外
るーじゅ,ルージュ,外
るーた,ルータ,外
るーたー,ルーター,外
るーと,ルート,外
るーびー,ルービー,名
るーふ,ルーフ,外
るーふばるこにー,ルーフバルコニー,名
るーぶりっく,ルーブリック,外
るーぶる,ルーブル,外
るーぷ,ループ,外
るーぺ,ルーペ,外
るーまにあ,ルーマニア,固
るーむ,ルーム,外
るーむうぇあ,ルームウェア,外
るーむえあこん,ルームエアコン,名
るーむきー,ルームキー,外
るーむくりーなー,ルームクリーナー,外
るーむさーびす,ルームサービス,外
るーむしぇあ,ルームシェア,外
るーむしゅーず,ルームシューズ,外
るーむそっくす,ルームソックス,外
るーむふれぐらんす,ルームフレグランス,外
るーむみらー,ルームミラー,外
るーむめいと,ルームメイト,外
るーむらいと,ルームライト,外
るーらる,ルーラル,外
るーてる,ルーテル,外
るーる,ルール,外
るーれっと,ルーレット,外
るーん,ルーン,外
るーんもじ,ルーン文字,名
れいあうと,レイアウト,外
れいかん,冷感,名
れいぎ,礼儀,名
れいせい,冷静,？
れいぞうこ,冷蔵庫,名
れいとう,冷凍,名
れいぼう,冷房,名
れきし,歴史,名
れきししゅぎ,歴史主義,名
れきしょん,レクション,外
れきだい,歴代,名
れこーど,レコード,外
れじすた,レジスタ,外
れすぽんす,レスポンス,外
ればのん,レバノン,固
れべる,レベル,外
れんあい,恋愛,名
れんけい,連携,名
れんこん,レンコン,名
れんさ,連鎖,名
れんさい,連載,名
れんしゅう,練習,名
れんぞく,連続,名
れんぞくせい,連続性,名
れんたる,レンタル,外
れんだりんぐ,レンダリング,外
れんらく,連絡,名
れえる,レール,外
ろうか,廊下,名
ろうご,老後,名
ろうじん,老人,名
ろうそく,ローソク,名
ろうど,ロード,外
ろうどばいく,ロードバイク,外
ろうどまっぷ,ロードマップ,外
ろくおん,録音,名
ろくが,録画,名
ろくぶんぎ,六分儀,名
ろぐ,ログ,外
ろけっと,ロケット,外
ろこつ,露骨,？
ろこもこ,ロコモコ,外
ろしあ,ロシア,固
ろしゅつ,露出,名
ろじうら,路地裏,名
ろじうむ,ロジウム,名
ろじすてぃくす,ロジスティクス,外
ろじすてぃっくかいき,ロジスティック回帰,名
ろじっく,ロジック,外
ろじばん,ロジバン,固
ろじん,魯迅,固
ろせん,路線,名
ろっかー,ロッカー,外
ろっく,ロック,外
ろっくおん,ロックオン,外
ろっじ,ロッジ,外
ろてん,露店,名
ろぼっと,ロボット,外
ろぼてぃくす,ロボティクス,外
ろまん,ロマン,外
ろめん,路面,名
ろれつ,舌の回りが悪い,名
ろんぎ,論議,名
ろんどん,ロンドン,固
ろんぱ,論破,名
ろんぶん,論文,名
ろんり,論理,名
ろんりがく,論理学,名
ろうかる,ローカル,外
ろうぐ,ローグ,外
ろうず,ローズ,外
ろうそく,ローソク,名
ろうたりー,ロータリー,外
ろうたー,ローター,外
ろうぷ,ロープ,外
ろうま,ローマ,固
ろうまじ,ローマ字,名
ろうらー,ローラー,外
ろうる,ロール,外
わ,輪,名
わかす,沸かす,動
わかめ,ワカメ,名
わかもの,若者,名
わかやま,和歌山,固
わかれる,分かれる,動
わかれ,別れ,名
わがし,和菓子,名
わき,脇,名
わきげ,脇毛,名
わきみず,湧き水,名
わく,枠,名
わくぐみ,枠組み,名
わくせい,惑星,名
わけ,訳,名
わけまえ,分け前,名
わざ,技,名
わし,ワシ,名
わしつ,和室,名
わしょく,和食,名
わすれもの,忘れ物,名
わすれなぐさ,ワスレナグサ,名
わた,綿,名
わたぐも,綿雲,名
わたり,渡り,名
わたし,私,名
わっふる,ワッフル,外
わら,藁,名
わらう,笑う,動
わらじ,草鞋,名
わらび,ワラビ,名
わらべ,童,名
われる,割れる,動
わりあい,割合,名
わりざん,割り算,名
わりばし,割り箸,名
わりふ,割符,名
わん,椀,名
わな,罠,名
わに,ワニ,名

るしふぇる,ルシフェル,固
るちる,ルクソール,固
るのわーる,ルノワール,固
るちゃぶる,ルチャブル,固
るーずぼーる,ルーズボール,外
るいびる,ルイビル,固
